sen,1
No,>>> [1]Contact Me Now to Make $100 Today!$LINK
No,Act now to keep your life on the go!
No,Choose between $500 and $10000 dollars with up to 5 years to repay!
No,Click above to earn today.
No,Click here to receive your first $10 today:
No,Click here to start shopping now: $LINK
No,"Click here to watch this now, I'm not sure how long he'll leave this up in public:*ï¿½"
No,Confirm now and view your first great opportunity
No,Copy and paste this link into your browser to see your results now.
No,Find out how to add clippings to your pressroom in this 125 seconds video
No,Go Here Now For Direct Access
No,Go Here Now For More Information
No,"If you do not have Adobe Acrobat Reader, please click below and follow instructions for free download: http://tr.innovyx.com/redir.asp?148_46_2788"
No,"If you do not want to confirm, simply ignore this message."
No,"If you don't want to change your password, just ignore this message."
No,"If you see nothing or a banner below please click here <http://www.bzprod.tv/mail/View.jsp?buzzmailId=186&mailId=an9_28_01> Notice:You are receiving this email because your email address was used to receive an on-line price quote, or because it was provided with a vehicle request."
No,If you see nothing or a banner below please click here <http://www.bzprod.tv/mail/View.jsp?buzzmailId=186&mailId=an9_28_01>.
No,"If you want to see how I got out of debt, click the link below:"
No,"In honor of Memorial Day, take advantage of this special deal."
No,"In honor of Mother's Day, take advantage of this huge discount."
No,"In the event that he does phone, we would 20 like to make sure that Mr. Lay gets this information prior returning the call."
No,Join now:
No,"Jude, search now and claim today's entry!"
No,Keep moving it forward.
No,Open Glyder to get your feedback template - it's FREE for one week only!
No,"Or mail Work Now America at... 519 Somerville Avenue Suite 323, Somerville, MA 02143."
No,"Over and over again, you tell us how much Plans help you make God’s Word a daily part of your life."
No,Please add events@communications.onekingslane.com to your address book to ensure delivery to your inbox.
No,Please add mailto:jobs@snagajob-email.com jobs@snagajob-email.com to your address book.
No,Please add to white list safe sender list.
No,Please add us to your Contacts
No,Please addevents@communications.onekingslane.com to your address book to ensure delivery to your inbox.
No,Please go to the link below to register by verifying your email.
No,Please sign in into the addappt app with your this particular email and the invitation code provided:
No,Please use the link below to activate your account.
No,Run heat-generating appliances like ovens and dryers early in the morning or late at night.
No,Save an Extra $30 on 3 Night Stays
No,Search Jobs Now $LINK
No,Search and apply to jobs near you today.
No,Send us an email at support@evite.citysearch.com.
No,Start Clicking Here Now If You Want It $LINK
No,Start saving your money now and start clipping coupons!
No,Stay 3+ Nights & Save $30
No,"Stay in the loop, here is a snapshot of what's going on in your Pink Pad groups this week."
No,Take a few minutes out of your weekend to switch accounts.
No,That is why I am calling on all you prayer warriors I need you to be in prayer with me this week.
No,"To ensure delivery to your inbox, please add Help@e.Nelnet.net"
No,"To ensure delivery to your inbox, please add QuiBids@win.quibids.com"
No,"To ensure delivery to your inbox, please add newsltr@pathmark.vertismail.com"
No,"To ensure delivery to your inbox, please add notifications@socialreader-email.com to your address book and safe-sender list."
No,"To ensure delivery to your inbox, please add notifications@socialreader-mail.com to your address book and safe-sender list."
No,"To ensure delivery, please add bookit@bookitmail.com to your address book."
No,"To ensure future delivery of email, please add email@mail.adobesystems.com to your address book, contacts or safe sender list."
No,"To ensure future delivery of emails, please add mailto: specials@papajohns-specials.com"
No,"To ensure our emails are delivered to your inbox, please add us to your Contacts list."
No,"To ensure that you continue receiving our emails, please add us to your address book or safe list."
No,"To ensure that you continue to receive our emails, please add GSNnews@email.gsn.com to your address book."
No,"To ensure that you keep getting all your email, please add gamefly@emails.gamefly.com"
No,"To ensure that you will receive emails from us, please add noreply@myscore.com to your address book."
No,"To ensure your emails come to your inbox, please add mailto:events@communications.onekingslane.com"
No,"To help you get to know us better we'd like to tell you more about membership, our partnership with parents like you, and the value we place on making a difference in the world."
No,"To make sure you receive the most up to date deals, please add deals@motovy.com to your address book."
No,Try 2 Weeks Free:
No,"Your name, company name and address, state of incorporation, phone and fax number, as well as an e-mail address, if available, should be included (please print or type)."
No,"As you recall, we had a very lengthy discussion regarding the magnitude of the work associated with the hearings and associated briefs."
No,Does that mean that you're finally freed from that hairball?
No,How many hours a night do you sleep?
No,I will send an e:mail later in the day to see when we can get together.
No,"If you haven't already, please don't forget to rate us!"
No,"If you need to change or cancel your appointment, please do so at $LINK"
No,"If you read Lessig's piece &amp; agree that researchers should have to disclose conflicts of interest, pls sign petition $LINK"
No,"If you swipe down, a beautifully wooden shelf will appear & a blue tag saying 'TIDY ME' which you should touch."
No,"If you wish to not receive further communication via email from our company or would like to find out more about this sender, please update your profile preferences $LINK"
No,"If you wish to stop future mailings, please follow here $LINK"
No,"If you would like to cancel or change your Membership options, just visit My Account on Rhapsody.com."
No,"If you'd like to disable these notifications, please visit your profile at: $LINK"
No,"If you'd like to no longer receive these emails, please follow the instructions below."
No,"If you'd like to receive a coupon for $3 off your next purchase of 6 lbs or more, please complete the form."
No,"If you'd like to turn this off, please visit your AppShopper profile to make changes to your email"
No,"If you'd like to view or change your account information, please visit $LINK"
No,"If you're interested but aren't one of the first 150, we will have plenty of other opportunities to invite you to join us throughout the year."
No,"Now let me tell you why this medallion and Archangel Michael, the most powerful of angels, can deliver the miracles, protection, guidance and love you need to change your life so you can live your dreams."
No,Please answer me 0 Comments $LINK
No,"Please keep in mind that if you have more than one video, you'll need to download each one separately."
No,Please try to delete the application and install it again.
No,Please try to sign up again at $LINK
No,"Pronounced Jane-nee, but you can call me Chickengirl."
No,"She put together a little something - if you can use it fine, if not, that's fine too."
No,Talk with you tonight.
No,Tap Pet Hotel - Can you grow your small kennel into a world-class pet hotel getaway?
